customer_id,name,email,city,created_at
C0001,Brenda Brown,barneskenneth@example.net,Port Curtis,2025-03-28 13:00:15
C0002,Robert Rodriguez,sonyawatts@example.org,South Michaelview,2025-10-01 08:47:15
C0003,Stacy Johnson,rebecca48@example.net,Susanport,2025-12-08 16:55:15
C0004,Michael Fox,eric63@example.org,Heatherstad,2025-03-08 16:04:15
C0005,Tommy Perez,brownheidi@example.net,Ortizberg,2025-05-15 13:24:15
C0006,Lindsay Clark,annamontgomery@example.net,Lawrenceshire,2025-07-17 15:00:15
C0007,Mr. Jeffrey Howe,nelsonlindsey@example.com,Johnhaven,2026-01-02 09:47:15
C0008,John Jenkins,pageamanda@example.com,North Mary,2025-06-04 21:00:15
C0009,Dr. Debra Bruce,joshua45@example.net,New Ginafurt,2025-05-07 09:16:15
C0010,Kristi Smith,tanyabush@example.org,South Erinville,2025-03-22 17:27:15
C0011,Steven Watts,charper@example.com,Donaldberg,2025-07-19 08:33:15
C0012,Vincent Steele,hwhite@example.net,Cristinaborough,2025-04-23 07:10:15
C0013,William Vargas,lwest@example.net,New Dylan,2026-02-15 10:17:15
C0014,Bryan Gibson,hollyjohnson@example.org,Ashleymouth,2025-07-17 05:44:15
C0015,Willie Henry,keith81@example.com,South Nicholas,2025-12-01 09:13:15
C0016,Heather Griffith,scottjackson@example.com,Stephenmouth,2025-08-30 12:56:15
C0017,Gabriel Logan,amy57@example.net,North Lorifort,2025-08-08 12:39:15
C0018,Donna Olson,tsmith@example.com,Maryshire,2025-08-25 20:45:15
C0019,Adam Yang,david18@example.org,East Jonathan,2026-01-26 16:32:15
C0020,Brenda Valdez,collinskathleen@example.net,Claytonburgh,2025-05-20 12:02:15
C0021,Mark Mccormick,catherine56@example.org,South Howard,2025-08-09 13:26:15
C0022,Dr. Casey Carter,rowejohn@example.net,Port Aaronshire,2025-09-20 19:22:15
C0023,Anthony Miranda,qmcclain@example.com,Millerstad,2025-08-16 21:49:15
C0024,Matthew Trevino,michaellucas@example.com,Lake Bradley,2025-02-23 13:59:15
C0025,Mrs. Lori Welch,asmith@example.org,West Davidmouth,2025-03-17 08:12:15
C0026,Jamie Anderson,jonathan23@example.net,Lake Ralphville,2025-09-23 13:07:15
C0027,Justin Peterson,kimberly21@example.net,Frenchshire,2025-10-22 12:37:15
C0028,Marc Sanchez,victoria75@example.org,Parkmouth,2025-09-29 01:21:15
C0029,Michael Fuentes,jaybooker@example.com,Morganchester,2025-08-16 10:38:15
C0030,Cindy Keller,madeline56@example.org,Jacquelinemouth,2025-08-21 09:19:15
C0031,Mary Perkins,schmidtsamantha@example.net,Tannerstad,2025-10-04 17:02:15
C0032,Larry Thompson,nscott@example.com,Shieldsland,2025-03-05 19:57:15
C0033,Robert Reed,meyersjose@example.org,Wilsonmouth,2025-04-12 19:51:15
C0034,Christopher Cruz,ecox@example.net,Clarkville,2025-05-20 16:46:15
C0035,Susan King,ycastillo@example.org,Lake Amandaton,2025-11-27 01:37:15
C0036,Karen Cohen,natalie95@example.org,North Annaton,2025-10-02 19:17:15
C0037,Mary Kerr,amandamartin@example.net,Youngmouth,2025-05-09 08:18:15
C0038,Alicia Johnson,callahankevin@example.com,South Matthew,2025-09-05 14:47:15
C0039,Paul Wells,jenniferanderson@example.org,Juanville,2026-02-02 05:36:15
C0040,Antonio Maldonado,cynthia75@example.net,Crossview,2025-10-04 13:48:15
C0041,Ryan Davis,becky71@example.com,Sheilamouth,2025-05-03 17:41:15
C0042,Maxwell Franklin,brian74@example.org,West Shannon,2025-11-01 19:30:15
C0043,Darlene Snyder,saramiller@example.com,New Ethan,2025-07-30 19:32:15
C0044,Austin Kennedy,jaime02@example.com,Russellport,2025-12-07 07:53:15
C0045,Jacob Smith,mfischer@example.net,Port Reginahaven,2025-10-14 16:26:15
C0046,Matthew Jennings,bryan09@example.com,Erinborough,2025-05-19 07:14:15
C0047,Steven Smith,kristopherchan@example.com,Ramostown,2025-04-25 02:04:15
C0048,Michele Cummings,jeremynguyen@example.net,Riosfort,2025-04-26 03:38:15
C0049,Julia Powell,john77@example.com,Melissahaven,2025-10-29 11:29:15
C0050,William Fitzpatrick,carlos94@example.net,North Stevenmouth,2025-06-11 13:13:15
C0051,Mary Williams,david89@example.com,Riveraview,2026-01-25 12:52:15
C0052,Billy Moore,sbright@example.net,Lake Stephanie,2025-04-03 10:11:15
C0053,Kevin Thompson,crystalelliott@example.net,Kennethstad,2025-03-07 02:23:15
C0054,Lauren Christensen,kevinrich@example.org,South Shannon,2026-01-17 03:37:15
C0055,Marc Klein,kellyhenson@example.net,Foxshire,2025-04-19 01:28:15
C0056,Christopher Brooks,pamelawhite@example.org,Alexanderburgh,2025-10-12 22:06:15
C0057,Anthony Ellison,brad83@example.net,Jameshaven,2026-02-12 18:15:15
C0058,Jordan Madden,stephanie84@example.org,East Travis,2025-12-21 18:05:15
C0059,Robert Webb,melindagriffin@example.net,Lake Johnny,2025-05-20 07:12:15
C0060,Jessica Dickerson,kiarafriedman@example.net,Allenport,2025-03-27 05:54:15
C0061,Sharon Willis,gabrielakelley@example.com,North Rebekahmouth,2025-09-21 02:51:15
C0062,Darrell Bird,greenmichael@example.org,Westfurt,2025-07-01 15:15:15
C0063,Valerie Grant,tanyacantrell@example.org,Mcdonaldville,2025-10-06 23:13:15
C0064,Karen Adams,sonya84@example.org,South Lisa,2025-11-18 23:03:15
C0065,Jonathan Roberson,zwells@example.org,Robinburgh,2025-12-25 19:42:15
C0066,Russell Bell,jackie80@example.org,Thompsonhaven,2025-03-27 23:23:15
C0067,Richard Price,davidmartin@example.net,Ryanside,2025-11-09 11:38:15
C0068,Teresa Rodriguez,colemanjuan@example.org,Port Christopherberg,2025-11-27 22:12:15
C0069,Chase Day,andersonmark@example.com,South Jennifer,2025-05-23 15:23:15
C0070,Madison Rodriguez,sullivanhunter@example.com,North James,2025-09-06 01:00:15
C0071,Teresa Avery,ksantiago@example.com,Leeton,2025-12-23 04:05:15
C0072,Cynthia Cross,luisford@example.org,West Valerie,2025-09-14 08:58:15
C0073,Amanda Dixon,marissathomas@example.com,Moyerburgh,2025-10-17 21:56:15
C0074,Andrea Cobb,tuckerjose@example.com,New Cherylfurt,2026-01-05 16:30:15
C0075,Danielle Roth,courtney83@example.com,Calderontown,2026-01-13 22:12:15
C0076,Christopher Weber,emilygonzalez@example.com,Cynthiafort,2025-12-16 11:19:15
C0077,Christopher Williams,bperry@example.com,Lake Ericfort,2025-06-19 22:51:15
C0078,Rachel Hernandez,kurtlopez@example.com,Jonathanmouth,2025-10-05 23:06:15
C0079,Nicole Jones,leslienovak@example.net,Melissaberg,2025-04-14 02:48:15
C0080,Barbara Willis,michaelfisher@example.net,Anaberg,2025-05-17 16:17:15
C0081,Tonya Liu MD,lancemanning@example.com,Huangfort,2025-11-07 17:42:15
C0082,Charles Jones II,thomas93@example.com,Russoport,2025-07-28 18:20:15
C0083,Maurice Reed,jessicaandersen@example.org,Rickborough,2025-08-11 01:04:15
C0084,Christopher Hill,collinsjames@example.org,Cunninghamburgh,2025-05-30 01:54:15
C0085,Richard Thompson,david15@example.net,West Anthony,2025-10-15 08:57:15
C0086,Cindy Young,michael71@example.com,East Shanechester,2025-08-29 15:24:15
C0087,Elizabeth Rodriguez,randy57@example.net,Thomasborough,2025-05-11 08:24:15
C0088,Laura Lopez,veronica45@example.net,Laurieborough,2025-10-29 15:57:15
C0089,Mr. Steve Hughes IV,lkaufman@example.net,West Jessicamouth,2025-02-20 19:58:15
C0090,Jennifer Ballard,fitzgeraldjill@example.com,Jasonport,2025-10-24 13:04:15
C0091,Maria Waller,williamalvarez@example.net,Port Sarahmouth,2026-02-02 05:57:15
C0092,Jenna Nelson,karina54@example.com,West Rachel,2025-05-31 08:44:15
C0093,Elizabeth Meadows,justin44@example.org,New Kimberly,2025-03-13 00:48:15
C0094,Ann Garrett,matthewmueller@example.net,Kevinberg,2025-05-18 11:15:15
C0095,Barbara Fox,qrichardson@example.com,Marshallhaven,2025-05-01 21:31:15
C0096,Tina Gibson,anthonysavage@example.com,New Teresa,2025-10-17 00:10:15
C0097,Andrea Myers,mercadojavier@example.com,New Maryfort,2025-07-25 09:55:15
C0098,Edgar Mayer,william29@example.com,Wallaceborough,2025-12-30 18:34:15
C0099,Angel Miller,michael34@example.com,Ashleyfurt,2025-08-21 02:35:15
C0100,Rhonda Vaughn,leewalter@example.com,Patrickberg,2025-06-23 16:58:15
C0101,Jordan Warren,scottcollin@example.net,Smalltown,2025-03-10 19:20:15
C0102,Jesus Shaw,marydavis@example.net,Taylortown,2025-12-30 14:36:15
C0103,Monica Carroll,lmartinez@example.org,Thompsonstad,2025-08-29 12:46:15
C0104,Jacob Dillon,srodgers@example.net,East Nataliebury,2025-11-12 09:27:15
C0105,Danny Fitzgerald,vanessa23@example.org,Lake Noah,2025-07-04 11:34:15
C0106,Katherine Green,wattsdavid@example.org,Lake Tamaraville,2025-11-17 07:32:15
C0107,Michael Goodman,jason16@example.org,New Denise,2025-10-14 13:33:15
C0108,Jodi Lopez,pjohnson@example.net,New Seth,2025-05-13 12:58:15
C0109,Christina Clayton,millerjuan@example.org,Lesterside,2025-03-21 22:08:15
C0110,Cheryl Castillo,morrisrebecca@example.org,South Mary,2026-02-11 13:02:15
C0111,Jason Nguyen,trandall@example.net,Wrightside,2025-10-20 10:35:15
C0112,Mr. Antonio Liu,wallheather@example.net,Rebeccaview,2025-06-15 00:48:15
C0113,John Cunningham,alexanderhicks@example.com,Brownchester,2025-07-28 14:51:15
C0114,Kimberly Meyer,michael63@example.com,North Georgemouth,2025-08-08 15:37:15
C0115,Connor Harris,oday@example.net,Port Andrew,2025-10-06 01:43:15
C0116,Angela Wright,ramirezlori@example.com,Gonzaleztown,2025-07-16 17:15:15
C0117,Heather Roach,davisanthony@example.org,Lake Deborah,2025-05-09 18:16:15
C0118,Karl Garrett,llyons@example.org,Lake Megan,2025-06-14 11:49:15
C0119,Joseph Porter,qmorrison@example.org,South Stephen,2025-09-20 09:58:15
C0120,Brittney Vasquez,adam89@example.org,West Barbaratown,2025-04-27 16:27:15
C0121,Mr. Andrew Williams,garciabeth@example.com,Brianton,2026-01-17 16:41:15
C0122,Tammy Lucas,reneegross@example.com,East Kevin,2026-01-20 14:24:15
C0123,Wesley Mason,morenobradley@example.com,West Margaret,2025-06-18 23:03:15
C0124,Kevin Crosby,etaylor@example.org,Lake Rebeccahaven,2025-05-23 10:58:15
C0125,Kristen Moses,todd53@example.net,Lisaland,2025-06-03 13:07:15
C0126,Jared Vincent,gabrielcastaneda@example.org,Baileychester,2025-11-15 13:23:15
C0127,Ms. Briana Lambert,ericaflynn@example.com,Johnsonton,2026-01-14 18:06:15
C0128,Daniel Bowman,tammyjoseph@example.net,Kennethshire,2025-10-21 03:54:15
C0129,Donald Thomas,sarahhernandez@example.net,North Pamela,2025-05-03 08:24:15
C0130,Veronica Mooney,moorebrandon@example.net,South Mackenzie,2025-04-20 14:22:15
C0131,Sherry Morrison,danielandrews@example.org,New Gabriel,2026-01-08 02:19:15
C0132,Steven Lewis,jeffreysmith@example.org,West Timothyton,2025-04-25 21:28:15
C0133,Marcus Padilla,torreschristopher@example.org,Lake Margaret,2025-09-10 07:48:15
C0134,Mark Brown,benjamin17@example.net,Susanberg,2025-03-12 17:41:15
C0135,Dawn Doyle,montgomeryamanda@example.org,Williamstown,2025-10-19 07:36:15
C0136,Diane Williams MD,ibrown@example.org,East Tricia,2025-12-12 18:20:15
C0137,Heather Morton,scook@example.net,Leeborough,2025-09-18 01:41:15
C0138,Justin Avila,ravenmcclain@example.net,Garzaburgh,2026-01-12 15:32:15
C0139,Amanda Moody,valenzuelachristina@example.org,Oconnellmouth,2025-04-05 21:55:15
C0140,Brandon Fry,meghan30@example.com,Sandraburgh,2026-01-11 22:48:15
C0141,Matthew Coleman,rhunter@example.org,Port Jeffreystad,2025-06-04 07:53:15
C0142,Lauren Caldwell,amanda95@example.org,Gayport,2025-08-24 13:05:15
C0143,Savannah Bell,mross@example.org,New Brandiview,2025-10-16 04:43:15
C0144,Leroy White,angelacarlson@example.net,Ianfurt,2025-11-30 01:08:15
C0145,Brenda Miller,flewis@example.org,Delgadoburgh,2025-05-15 17:42:15
C0146,Gregory Becker,bakermatthew@example.com,South Caitlynview,2025-04-10 19:28:15
C0147,Lisa Miller,gwatkins@example.net,Lake Coleburgh,2026-02-13 18:09:15
C0148,Brandon Hill Jr.,zsharp@example.org,Melissatown,2025-05-11 06:02:15
C0149,Julia Allen,shane85@example.net,Lake Christopher,2025-03-16 12:05:15
C0150,Andrew Price,qmadden@example.net,East Jeremyview,2025-12-12 07:54:15
C0151,Jesse Peterson,greeneeugene@example.org,Rodriguezburgh,2025-12-25 16:26:15
C0152,Stacy Stevenson,bakertheresa@example.net,West Judithview,2025-12-01 07:43:15
C0153,Isabel Frazier,veronicawheeler@example.com,West Michelle,2025-04-15 09:16:15
C0154,Lisa Sampson,julia95@example.com,New Christinaburgh,2025-08-27 09:18:15
C0155,Laura Proctor,connorjones@example.com,Hernandezmouth,2025-03-31 07:29:15
C0156,Larry Martinez,qcontreras@example.org,Melodyberg,2025-06-13 07:04:15
C0157,Steven Smith,bholmes@example.com,Michaelview,2026-01-23 13:21:15
C0158,Danielle Weiss,esparzacheryl@example.net,Port Rebecca,2025-07-17 07:59:15
C0159,Jennifer Smith,snyderaustin@example.org,Markside,2026-02-17 05:12:15
C0160,Jason Williams,mendezdaniel@example.org,Jacksonport,2025-12-13 19:45:15
C0161,Michael Sanchez,pryan@example.com,Lake Reneehaven,2025-11-27 16:33:15
C0162,Michelle Doyle,gregory13@example.net,Richardhaven,2025-05-11 17:34:15
C0163,Brian Strickland,haynesmichael@example.org,North Tonyhaven,2025-05-07 15:54:15
C0164,Stacy Austin,tracipierce@example.org,Brittanymouth,2026-01-10 17:04:15
C0165,Katrina Schmitt,leslienunez@example.com,East Brookemouth,2025-12-03 22:59:15
C0166,Brandi Golden,ruth47@example.com,New Amanda,2025-08-12 21:26:15
C0167,Amanda White,katrinacollins@example.com,Blackport,2025-12-05 02:53:15
C0168,Anthony Graham,oconnorjoshua@example.org,Mariahport,2026-01-28 06:38:15
C0169,Ricky Cooper,logan33@example.org,North Karenstad,2026-01-29 04:48:15
C0170,Kyle Johnson,matthewbarnett@example.net,Mclaughlintown,2025-03-06 08:19:15
C0171,Olivia Parks,rrosario@example.com,Sarahchester,2025-12-28 04:12:15
C0172,Diana Tyler,thomas35@example.net,New Keith,2025-05-08 02:22:15
C0173,Michael Lin,bberg@example.net,Watsonmouth,2025-12-01 08:06:15
C0174,Jonathan Robinson,sbrown@example.com,Brendabury,2025-11-27 10:05:15
C0175,James Holmes,kgomez@example.com,Johnshire,2025-07-22 15:50:15
C0176,Miranda Warner,emartin@example.org,Smithburgh,2025-09-01 02:10:15
C0177,Jeremy Walker,xaviergross@example.net,Jonathanchester,2025-03-12 16:10:15
C0178,Brian Little,gtaylor@example.org,New Laurie,2025-10-14 07:51:15
C0179,Austin Stafford Jr.,christopher59@example.org,Richardport,2025-02-24 12:37:15
C0180,Linda Morrison,bcollins@example.com,Benjaminton,2026-01-30 00:47:15
C0181,Ms. Brittney Burns,amcguire@example.net,Pattersonville,2025-11-08 01:39:15
C0182,Sharon Miller,cdorsey@example.org,East Lori,2025-09-15 08:47:15
C0183,Kimberly Anderson,gambleamanda@example.org,Taramouth,2026-02-05 18:49:15
C0184,Anna Nelson,brian72@example.org,East Jennifer,2025-07-29 05:44:15
C0185,Pam Horn,nelsonsteven@example.net,New Benjaminfort,2026-01-14 07:39:15
C0186,Patricia Dean,edward38@example.net,Jessicaberg,2025-03-26 23:36:15
C0187,Jeanette Koch,shampton@example.org,Bensonbury,2025-03-07 22:40:15
C0188,Joseph Bennett,ramosjessica@example.com,Lake Carlosville,2026-02-04 12:05:15
C0189,Brent Smith,anthony04@example.org,South Zachary,2025-10-08 10:24:15
C0190,Dr. Tracy Stanley,richardshea@example.net,Port Kelly,2025-10-06 14:55:15
C0191,Shawn Clarke,fordcassidy@example.net,New Coryborough,2025-04-19 02:39:15
C0192,Matthew Turner,hawkinsannette@example.org,Martinezmouth,2025-09-11 02:23:15
C0193,Troy Fox,johndelgado@example.com,Josephview,2025-06-02 12:37:15
C0194,David Hunter,jaime63@example.net,Dawnville,2025-04-29 09:45:15
C0195,Kelly Cummings,xnielsen@example.net,West Stanley,2026-01-26 17:34:15
C0196,Lindsey Reyes,deanna22@example.org,Walkerport,2026-02-17 23:02:15
C0197,Rachel Kennedy,ethan72@example.org,Stoneshire,2025-05-18 18:15:15
C0198,Daniel Parker,harrellscott@example.net,Jesseshire,2025-03-12 09:38:15
C0199,Erica Miller,richard70@example.org,North Rebecca,2025-07-13 13:19:15
C0200,Nathan Austin,tjohnson@example.com,Nicholasfurt,2025-09-01 20:41:15
C9999,,broken@example.com,Seattle,2025-03-16 12:15:15
